{
    "Total_Memory_(GB)": [
        7.884510040283203,
        7.884510040283203,
        7.884510040283203,
        7.884510040283203,
        7.884510040283203,
        7.884510040283203,
        7.884510040283203,
        7.884510040283203,
        7.884510040283203,
        7.884510040283203,
        7.884510040283203,
        7.884510040283203,
        7.884510040283203,
        7.884510040283203,
        7.884510040283203,
        7.884510040283203,
        7.884510040283203,
        7.884510040283203,
        7.884510040283203,
        7.884510040283203,
        7.884510040283203,
        7.884510040283203,
        7.884510040283203,
        7.884510040283203,
        7.884510040283203,
        7.884510040283203,
        7.884510040283203,
        7.884510040283203,
        7.884510040283203,
        7.884510040283203,
        7.884510040283203,
        7.884510040283203,
        7.884510040283203,
        7.884510040283203,
        7.884510040283203,
        7.884510040283203,
        7.884510040283203,
        7.884510040283203,
        7.884510040283203,
        7.884510040283203,
        7.884510040283203
    ],
    "Avaliable_Memory_(GB)": [
        1.08514404296875,
        1.0410881042480469,
        1.0862846374511719,
        1.4062271118164062,
        1.4035720825195312,
        1.4737510681152344,
        1.4999313354492188,
        1.5451850891113281,
        1.5472831726074219,
        1.5478172302246094,
        1.5536422729492188,
        1.5113563537597656,
        1.5323600769042969,
        1.5141067504882812,
        1.5233039855957031,
        1.3625411987304688,
        1.3732376098632812,
        1.3561782836914062,
        1.3239860534667969,
        1.3311576843261719,
        1.4896469116210938,
        1.4912109375,
        1.4902153015136719,
        1.4705467224121094,
        1.5037765502929688,
        1.5102272033691406,
        1.5056076049804688,
        1.4548530578613281,
        1.4659614562988281,
        1.4557533264160156,
        1.5100326538085938,
        1.4970855712890625,
        1.5029830932617188,
        1.4934844970703125,
        1.47357177734375,
        1.1955757141113281,
        1.309814453125,
        1.2986373901367188,
        1.2855415344238281,
        1.2429351806640625,
        1.2029609680175781
    ],
    "Used_Memory_(GB)": [
        6.799365997314453,
        6.840381622314453,
        6.798225402832031,
        6.478282928466797,
        6.480937957763672,
        6.410758972167969,
        6.384578704833984,
        6.339324951171875,
        6.337226867675781,
        6.336692810058594,
        6.330867767333984,
        6.3731536865234375,
        6.352149963378906,
        6.370403289794922,
        6.3612060546875,
        6.521968841552734,
        6.511272430419922,
        6.528331756591797,
        6.560523986816406,
        6.553352355957031,
        6.394863128662109,
        6.393299102783203,
        6.394294738769531,
        6.413963317871094,
        6.380733489990234,
        6.3742828369140625,
        6.378902435302734,
        6.429656982421875,
        6.418548583984375,
        6.428733825683594,
        6.374477386474609,
        6.387424468994141,
        6.381526947021484,
        6.391025543212891,
        6.410938262939453,
        6.688934326171875,
        6.574695587158203,
        6.587520599365234,
        6.598968505859375,
        6.641574859619141,
        6.6815948486328125
    ],
    "Memory_Percent_(%)": [
        86.2,
        86.7,
        86.2,
        82.2,
        82.2,
        81.3,
        81.0,
        80.4,
        80.4,
        80.4,
        80.3,
        80.8,
        80.6,
        80.8,
        80.7,
        82.7,
        82.6,
        82.8,
        83.2,
        83.1,
        81.1,
        81.1,
        81.1,
        81.3,
        80.9,
        80.8,
        80.9,
        81.5,
        81.4,
        81.5,
        80.8,
        81.0,
        80.9,
        81.1,
        81.3,
        84.8,
        83.4,
        83.6,
        83.7,
        84.2,
        84.7
    ],
    "CPU_Percent_(%)": [
        26.2,
        13.4,
        31.7,
        18.3,
        11.3,
        18.0,
        13.2,
        7.7,
        10.8,
        9.6,
        11.1,
        13.9,
        9.9,
        9.3,
        13.4,
        21.0,
        13.9,
        13.3,
        16.1,
        15.9,
        24.5,
        27.6,
        12.4,
        27.4,
        28.9,
        14.4,
        21.4,
        25.2,
        8.5,
        18.0,
        12.7,
        14.9,
        14.9,
        10.2,
        18.1,
        29.4,
        15.5,
        11.5,
        12.4,
        18.3,
        16.2
    ],
    "Process_Memory_(GB)": [
        0.12502288818359375,
        0.12543487548828125,
        0.126373291015625,
        0.12662887573242188,
        0.12662887573242188,
        0.12665939331054688,
        0.1266632080078125,
        0.1266632080078125,
        0.12666702270507812,
        0.12661361694335938,
        0.126617431640625,
        0.126617431640625,
        0.126617431640625,
        0.126617431640625,
        0.12662124633789062,
        0.1266326904296875,
        0.12663650512695312,
        0.12663650512695312,
        0.12663650512695312,
        0.12660598754882812,
        0.12660598754882812,
        0.12660598754882812,
        0.12660598754882812,
        0.12660598754882812,
        0.12660598754882812,
        0.12660980224609375,
        0.12660980224609375,
        0.12660980224609375,
        0.12660980224609375,
        0.12660980224609375,
        0.12660980224609375,
        0.12660980224609375,
        0.12661361694335938,
        0.12666702270507812,
        0.12668228149414062,
        0.12668228149414062,
        0.12668228149414062,
        0.12668228149414062,
        0.12668609619140625,
        0.12668991088867188,
        0.12668991088867188
    ],
    "Process_CPU_(%)": [
        0.0,
        0.0,
        0.0,
        0.0,
        0.0,
        0.0,
        0.0,
        0.0,
        0.0,
        0.0,
        0.0,
        0.0,
        0.0,
        0.0,
        0.0,
        0.0,
        0.0,
        0.0,
        0.0,
        0.0,
        0.0,
        0.0,
        0.0,
        0.0,
        0.0,
        0.0,
        0.0,
        0.0,
        0.0,
        0.0,
        0.0,
        0.0,
        0.0,
        0.0,
        0.0,
        0.0,
        0.0,
        0.0,
        0.0,
        0.0,
        0.0
    ],
    "Process_threads": [
        19,
        19,
        22,
        22,
        22,
        24,
        24,
        24,
        24,
        21,
        21,
        21,
        21,
        21,
        21,
        21,
        21,
        21,
        21,
        19,
        19,
        19,
        19,
        19,
        19,
        19,
        19,
        19,
        19,
        19,
        19,
        19,
        19,
        19,
        19,
        19,
        19,
        19,
        19,
        19,
        19
    ],
    "Process_read_bytes": [
        24183353,
        24201981,
        24212686,
        24214667,
        24215767,
        24218630,
        24221935,
        24223698,
        24227883,
        24232509,
        24237578,
        24240223,
        24246174,
        24252565,
        24255870,
        24263138,
        24270848,
        24274814,
        24283415,
        24292462,
        24301955,
        24306813,
        24317192,
        24328011,
        24333532,
        24345243,
        24357401,
        24363592,
        24376643,
        24390140,
        24404084,
        24411168,
        24426008,
        24441296,
        24449052,
        24465234,
        24481862,
        24498934,
        24507580,
        24525544,
        24543956
    ],